{
   "id-TechSuccess": {
   "name": "Success in Tech",
   "description": "Our success in tech",
   "value": "<section><title>Our record in tech</title><p>We've worked with many clients in the same general field as your business. Our successes include:</p><table><title>Success in tech</title><tgroup cols='2'><colspec colwidth='1*' colname='1'/><colspec colwidth='3*' colname='2'/><thead><row><entry colname='1'>Tech sector client</entry><entry colname='2'>Problems we've solved</entry></row></thead><tbody><row><entry colname='1'>Company name or descriptor</entry><entry colname='2'>A combination of a situation, what we were tasked to do, the actions we took, and the net result.</entry></row></tbody></tgroup></table></section>"
},
   "id-PharmaSuccess": {
   "name": "Success in Pharma",
   "description": "Our success in pharma",
   "value": "<section><title>Our record in pharma</title><p>Our solutions save lives. Our successes include:</p><table><title>Life saving technology</title><tgroup cols='2'><colspec colwidth='1*' colname='1'/><colspec colwidth='3*' colname='2'/><thead><row><entry colname='1'>Pharma issue</entry><entry colname='2'>How our solutions help pharma save lives</entry></row></thead><tbody><row><entry colname='1'>Company name or descriptor</entry><entry colname='2'>A combination of a situation, what we were tasked to do, the actions we took, and the net result.</entry></row></tbody></tgroup></table></section>"
}
}