{
   "id-ExampleShell": {
   "name": "Example Shell",
   "description": "An example with a preformed title, paragraph, and table.",
   "value": "<section><title>DoubleClickAndTypeTitle</title><p>ReplaceWithContent</p><table><title>TableTitleHere</title><tgroup cols='2'><colspec colwidth='1*' colname='1'/><colspec colwidth='3*' colname='2'/><thead><row><entry colname='1'>Example</entry><entry colname='2'>Note</entry></row></thead><tbody><row><entry colname='1'>ExampleBody</entry><entry colname='2'>NoteBody</entry></row></tbody></tgroup></table></section>"
},
   "id-SectionShell": {
   "name": "Section Shell",
   "description": "A section with a preformed title, paragraph, and list.",
   "value": "<section><title>DoubleClickAndTypeTitle</title><p>ReplaceWithContent</p><ul><li>ListItemHere</li><li>ListItemHere</li></ul></section>"
},
   "id-StepWithChoices": {
   "name": "Step, Choices, and Example",
   "description": "A section with a preformed title, paragraph, and list.",
   "value": "<step><cmd>CoreStep</cmd><choices><choice>ChoiceFirst</choice><choice>ChoiceOther</choice></choices><stepxmp>OptionalChoicesImpact</stepxmp></step>"
}
}