{
   "id-ProjectCoordinatorJR": {
   "name": "Project Manager, jr",
   "description": "Junior PM baseline",
   "value": "<section><title>Our offer to you</title><p>We want you on our team!</p><table><title>Overview of the offer</title><tgroup cols='2'><colspec colwidth='1*' colname='1'/><colspec colwidth='3*' colname='2'/><tbody><row><entry colname='1'>Title</entry><entry colname='2'>Project Manager (Junior)</entry></row><row><entry colname='1'>Annual Salary</entry><entry colname='2'>$45,000</entry></row><row><entry colname='1'>Vacation</entry><entry colname='2'>3 weeks</entry></row><row><entry colname='1'>Benefits</entry><entry colname='2'>Health and Dental coverage after 3 months</entry></row><row><entry colname='1'>Supervisor</entry><entry colname='2'>Vivian</entry></row></tbody></tgroup></table></section>"
},
   "id-ProjectCoordinator": {
   "name": "Project Manager",
   "description": "PM baseline",
   "value": "<section><title>Our offer to you</title><p>We want you on our team!</p><table><title>Overview of the offer</title><tgroup cols='2'><colspec colwidth='1*' colname='1'/><colspec colwidth='3*' colname='2'/><tbody><row><entry colname='1'>Title</entry><entry colname='2'>Project Manager</entry></row><row><entry colname='1'>Annual Salary</entry><entry colname='2'>$60,000</entry></row><row><entry colname='1'>Vacation</entry><entry colname='2'>4 weeks</entry></row><row><entry colname='1'>Benefits</entry><entry colname='2'>Health and Dental coverage (immediate)</entry></row><row><entry colname='1'>Supervisor</entry><entry colname='2'>Vivian</entry></row></tbody></tgroup></table></section>"
},
   "id-IT": {
   "name": "Technical Support Rep",
   "description": "Technical Support baseline",
   "value": "<section><title>Our offer to you</title><p>We want you on our team!</p><table><title>Overview of the offer</title><tgroup cols='2'><colspec colwidth='1*' colname='1'/><colspec colwidth='3*' colname='2'/><tbody><row><entry colname='1'>Title</entry><entry colname='2'>Technical Support Rep</entry></row><row><entry colname='1'>Annual Salary</entry><entry colname='2'>$55,000</entry></row><row><entry colname='1'>Vacation</entry><entry colname='2'>3 weeks</entry></row><row><entry colname='1'>Benefits</entry><entry colname='2'>Health and Dental coverage (immediate)</entry></row><row><entry colname='1'>Supervisor</entry><entry colname='2'>Nathan</entry></row></tbody></tgroup></table></section>"
},
   "id-ContentSpecialistSR": {
   "name": "Content Specialist, Senior",
   "description": "Senior Content Specialist",
   "value": "<section><title>Our offer to you</title><p>We want you on our team!</p><table><title>Overview of the offer</title><tgroup cols='2'><colspec colwidth='1*' colname='1'/><colspec colwidth='3*' colname='2'/><tbody><row><entry colname='1'>Title</entry><entry colname='2'>Senior Content Specialist</entry></row><row><entry colname='1'>Annual Salary</entry><entry colname='2'>$75,000</entry></row><row><entry colname='1'>Vacation</entry><entry colname='2'>5 weeks</entry></row><row><entry colname='1'>Benefits</entry><entry colname='2'>Health and Dental coverage (immediate)</entry></row><row><entry colname='1'>Supervisor</entry><entry colname='2'>Bernard</entry></row></tbody></tgroup></table></section>"
}
}